start,end,duration_hr,P_in,peak_intensity_in_hr,Q_in,runoff_ratio
1990-01-25,1990-01-26 23:00:00,48.0,1.5800000000000003,0.0425,0.6535481171548118,0.41363804883215927
1990-03-18,1990-03-18 23:00:00,24.0,1.42,0.059166666666666666,0.15587900627615064,0.10977394808179623
1990-03-29,1990-04-04 23:00:00,168.0,1.6800000000000002,0.025833333333333333,0.6683307531380753,0.3978159244869496
1990-04-15,1990-04-15 23:00:00,24.0,1.18,0.049166666666666664,0.6680714086471409,0.5661622107179161
1990-04-30,1990-04-30 23:00:00,24.0,1.42,0.059166666666666666,0.16089732217573224,0.11330797336319173
1990-05-10,1990-05-11 23:00:00,48.0,1.38,0.04041666666666666,0.33766652719665274,0.2446858892729368
1990-05-26,1990-05-30 23:00:00,120.0,2.4899999999999993,0.03916666666666666,0.6347197071129708,0.2549075128967755
1990-06-10,1990-06-10 23:00:00,24.0,1.19,0.04958333333333333,0.0370516829381683,0.031135868015267482
1990-07-12,1990-07-16 23:00:00,120.0,3.2999999999999994,0.07166666666666667,0.6551664267782427,0.19853528084189176
1990-08-06,1990-08-07 23:00:00,48.0,2.2600000000000002,0.08374999999999999,1.709261736401674,0.756310502832599
1990-08-09,1990-08-10 23:00:00,48.0,3.2899999999999996,0.11916666666666666,1.3810205289898387,0.41976307872031576
1990-08-20,1990-08-25 23:00:00,144.0,1.6,0.028749999999999998,0.18686141063956968,0.11678838164973104
1990-10-19,1990-10-19 23:00:00,24.0,1.14,0.047499999999999994,0.026336433054393305,0.023102134258239742
1990-10-22,1990-10-24 23:00:00,72.0,4.02,0.145,2.4825731445123913,0.617555508585172
1990-11-10,1990-11-11 23:00:00,48.0,2.2999999999999994,0.0775,1.0281378900179319,0.44701647392084004
1990-12-15,1990-12-19 23:00:00,120.0,1.27,0.03,0.3956633652121937,0.31154595685999503
1990-12-21,1990-12-24 23:00:00,96.0,1.27,0.023333333333333334,0.3905728033472803,0.30753764043092935
1990-12-28,1990-12-28 23:00:00,24.0,1.2,0.049999999999999996,0.591305439330544,0.4927545327754534
1991-01-11,1991-01-12 23:00:00,48.0,1.61,0.05416666666666667,1.051901255230126,0.6533548169131216
1991-03-21,1991-03-24 23:00:00,96.0,2.09,0.0525,0.9165234309623432,0.4385279573982504
1991-03-29,1991-03-30 23:00:00,48.0,1.05,0.03375,0.31654847579199047,0.3014747388495147
1991-04-13,1991-04-16 23:00:00,96.0,1.0600000000000003,0.024166666666666666,0.25052677824267783,0.23634601721007337
1991-05-17,1991-05-19 23:00:00,72.0,1.0700000000000003,0.04083333333333333,0.21767961962723473,0.20343889684788286
1991-07-02,1991-07-06 23:00:00,120.0,1.12,0.017083333333333332,0.2516160251046025,0.2246571652719665
1991-07-26,1991-07-27 23:00:00,48.0,2.1,0.0775,0.4518170048814506,0.21515095470545265
1991-09-24,1991-09-26 23:00:00,72.0,1.6900000000000002,0.05416666666666667,0.4906454137029288,0.290322730001733
1991-10-06,1991-10-06 23:00:00,24.0,1.25,0.052083333333333336,0.48326252440725237,0.3866100195258019
1991-10-16,1991-10-18 23:00:00,72.0,1.3900000000000001,0.025416666666666667,0.2336545666467424,0.16809681053722472
1991-11-21,1991-11-23 23:00:00,72.0,1.16,0.03333333333333333,0.2384283577405858,0.20554168770740155
1991-11-30,1991-12-04 23:00:00,120.0,2.4200000000000004,0.04125,0.7350860251046026,0.30375455582834815
1991-12-09,1991-12-10 23:00:00,48.0,1.17,0.04541666666666667,0.37862998953974897,0.32361537567499915
1991-12-29,1991-12-30 23:00:00,48.0,1.2400000000000002,0.048749999999999995,0.332842719665272,0.2684215481171548
1992-01-03,1992-01-05 23:00:00,72.0,1.6,0.03791666666666667,1.0460660041841006,0.6537912526150628
1992-03-26,1992-03-27 23:00:00,48.0,1.5199999999999998,0.0525,0.557383179916318,0.3666994604712619
1992-04-22,1992-04-26 23:00:00,120.0,2.4899999999999998,0.08958333333333333,0.857672979079498,0.34444697954999925
1992-05-08,1992-05-09 23:00:00,48.0,1.26,0.03791666666666667,0.3587845786013151,0.28474966555659925
1992-05-30,1992-05-31 23:00:00,48.0,1.4699999999999998,0.048749999999999995,0.32584041841004185,0.2216601485782598
1992-07-21,1992-07-28 23:00:00,192.0,4.670000000000001,0.09583333333333333,1.122857907949791,0.2404406655138738
1992-07-31,1992-08-01 23:00:00,48.0,1.03,0.03,0.27599959414225944,0.26796077101190235
1992-08-11,1992-08-18 23:00:00,192.0,2.14,0.018333333333333333,0.4671535265989242,0.218296040466787
1992-09-02,1992-09-04 23:00:00,72.0,1.04,0.0375,0.6518364435146443,0.6267658110717733
1992-09-06,1992-09-09 23:00:00,96.0,1.35,0.0325,0.43182054715159324,0.3198670719641431
1992-09-26,1992-09-29 23:00:00,96.0,2.3000000000000003,0.07208333333333333,0.6689771194077889,0.29085961713382125
1992-10-30,1992-11-03 23:00:00,120.0,1.9900000000000002,0.03875,0.5076668410041841,0.2551089653287357
1992-11-21,1992-11-27 23:00:00,168.0,1.71,0.051666666666666666,0.5979965271966527,0.34970557146003084
1992-12-10,1992-12-12 23:00:00,72.0,2.8000000000000007,0.07708333333333334,1.169851129707113,0.4178039748953974
1993-01-08,1993-01-13 23:00:00,144.0,1.62,0.024583333333333332,0.4407559623430963,0.2720715816932693
1993-02-12,1993-02-13 23:00:00,48.0,1.02,0.030416666666666665,0.34859011715481175,0.3417550168184429
1993-03-04,1993-03-06 23:00:00,72.0,2.3600000000000003,0.05958333333333333,1.6328977510460254,0.6919058267144175
1993-03-13,1993-03-14 23:00:00,48.0,2.35,0.05333333333333334,1.0343955020920503,0.4401682987625746
1993-03-28,1993-03-30 23:00:00,72.0,1.2699999999999998,0.0425,0.6376762343096235,0.5021072711099398
1993-04-10,1993-04-12 23:00:00,72.0,1.03,0.024166666666666666,0.3166596234309624,0.3074365276028761
1993-04-17,1993-04-17 23:00:00,24.0,1.37,0.05708333333333334,0.0703342259414226,0.05133885105213329
1993-05-05,1993-05-06 23:00:00,48.0,1.44,0.03958333333333333,0.5897493723849373,0.40954817526731757
1993-05-13,1993-05-14 23:00:00,48.0,1.1799999999999997,0.04833333333333333,0.14477646861924687,0.12269192255868382
1993-08-03,1993-08-08 23:00:00,144.0,4.19,0.09583333333333333,0.9062675351844809,0.21629296782445842
1993-09-16,1993-09-19 23:00:00,96.0,1.2199999999999995,0.024583333333333332,0.3071053723849373,0.2517257150696208
1993-09-25,1993-09-28 23:00:00,96.0,1.7099999999999997,0.041666666666666664,0.3058378851274249,0.17885256440200287
1993-11-27,1993-11-28 23:00:00,48.0,4.56,0.18958333333333333,2.9300295995218173,0.6425503507723284
1993-12-04,1993-12-06 23:00:00,72.0,2.27,0.09000000000000001,0.9558141213389123,0.4210634895766133
1994-01-18,1994-01-18 23:00:00,24.0,1.21,0.050416666666666665,0.13151877824267785,0.1086932051592379
1994-02-08,1994-02-12 23:00:00,120.0,2.1699999999999995,0.048749999999999995,0.13693389121338914,0.06310317567437289
1994-02-21,1994-02-24 23:00:00,96.0,1.87,0.0375,1.113832719665272,0.5956324704092363
1994-03-01,1994-03-03 23:00:00,72.0,2.22,0.06375,0.9507569037656904,0.42826887557013077
1994-03-08,1994-03-10 23:00:00,72.0,1.3900000000000001,0.044583333333333336,0.6228935983263598,0.4481248908822732
1994-03-27,1994-04-01 23:00:00,144.0,3.5100000000000007,0.05708333333333334,1.8614450836820085,0.5303262346672388
1994-06-16,1994-06-17 23:00:00,48.0,1.3900000000000003,0.05625,0.12639153765690378,0.09092916378194514
1994-06-24,1994-06-25 23:00:00,48.0,1.34,0.034999999999999996,0.13140985355648538,0.09806705489289953
1994-07-03,1994-07-04 23:00:00,48.0,1.6300000000000001,0.06666666666666667,0.2438073982502853,0.14957509095109528
1994-07-14,1994-07-15 23:00:00,48.0,1.01,0.03958333333333333,0.3909618200836821,0.38709091097394266
1994-07-21,1994-07-29 23:00:00,216.0,2.7800000000000002,0.04833333333333333,0.5419469958158996,0.19494496252370486
1994-08-14,1994-08-18 23:00:00,120.0,3.4299999999999997,0.06416666666666666,1.1933477405857742,0.3479147931736951
1994-09-22,1994-09-23 23:00:00,48.0,1.53,0.059166666666666666,0.4769812008368201,0.31175241884759486
1994-09-26,1994-09-27 23:00:00,48.0,1.7199999999999998,0.04083333333333333,0.5628294142259415,0.32722640361973343
1994-11-01,1994-11-02 23:00:00,48.0,1.01,0.022083333333333333,0.19808732217573224,0.19612606156013093
1995-01-07,1995-01-07 23:00:00,24.0,1.12,0.04666666666666667,0.28718771548117156,0.25641760310818884
1995-01-14,1995-01-16 23:00:00,72.0,1.06,0.03666666666666667,0.39913117154811717,0.3765388410831294
1995-03-09,1995-03-09 23:00:00,24.0,1.28,0.05333333333333334,0.2532145302396348,0.19782385174971467
1995-04-30,1995-05-05 23:00:00,144.0,1.26,0.025416666666666667,0.20477841004184102,0.16252254765225477
1995-05-09,1995-05-11 23:00:00,72.0,1.1300000000000001,0.029583333333333333,0.3089311576011158,0.2733904049567396
1995-05-17,1995-05-20 23:00:00,96.0,1.7499999999999998,0.042083333333333334,0.44830288702928867,0.2561730783024507
1995-06-11,1995-06-13 23:00:00,72.0,1.11,0.02291666666666667,0.2426985645317026,0.2186473554339663
1995-06-23,1995-06-28 23:00:00,144.0,2.26,0.041666666666666664,0.32052385634588565,0.14182471519729456
1995-07-01,1995-07-02 23:00:00,48.0,1.06,0.030416666666666665,0.018128179916317995,0.017102056524828296
1995-07-04,1995-07-08 23:00:00,120.0,2.630000000000001,0.044583333333333336,0.5813855125523013,0.22105913024802323
1995-08-05,1995-08-07 23:00:00,72.0,1.94,0.0675,0.22220635983263604,0.11453936073847219
1995-09-16,1995-09-17 23:00:00,48.0,1.2499999999999998,0.049999999999999996,0.16758841004184102,0.13407072803347284
1995-09-22,1995-09-27 23:00:00,144.0,1.49,0.017083333333333332,0.25925853676031085,0.17399901795994016
1995-10-04,1995-10-06 23:00:00,72.0,1.46,0.03875,0.1767692050209205,0.12107479795953459
1995-10-14,1995-10-15 23:00:00,48.0,1.66,0.03833333333333334,0.29152914225941423,0.1756199652165146
1995-10-21,1995-10-21 23:00:00,24.0,2.13,0.08875,0.8654844351464435,0.4063307207260298
1995-11-12,1995-11-12 23:00:00,24.0,1.13,0.04708333333333333,0.975394630404463,0.8631810888535071
1995-11-14,1995-11-15 23:00:00,48.0,1.31,0.04,0.5389178521617852,0.4113876734059429
1995-11-29,1995-11-29 23:00:00,24.0,1.1,0.04583333333333334,0.1758355648535565,0.15985051350323318
1996-01-01,1996-01-03 23:00:00,72.0,1.2800000000000002,0.03166666666666667,0.4672869037656905,0.36506789356694563
1996-01-07,1996-01-10 23:00:00,96.0,2.480000000000001,0.05625,0.025363891213389122,0.010227375489269804
1996-02-02,1996-02-03 23:00:00,48.0,1.01,0.027083333333333334,0.007002301255230126,0.006932971539831808
1996-03-20,1996-03-21 23:00:00,48.0,1.17,0.047499999999999994,0.09855090655509065,0.08423154406418004
1996-04-09,1996-04-10 23:00:00,48.0,1.3099999999999998,0.029583333333333333,0.07702531380753139,0.05879794947139801
1996-04-16,1996-04-17 23:00:00,48.0,1.0499999999999998,0.042916666666666665,0.2351884040645547,0.22398895625195692
1996-05-05,1996-05-10 23:00:00,144.0,3.0200000000000005,0.03958333333333333,0.7705643514644352,0.255153758763058
1996-05-27,1996-05-30 23:00:00,96.0,1.5299999999999998,0.025416666666666667,0.3127694560669456,0.20442448108950698
1996-06-18,1996-06-21 23:00:00,96.0,1.24,0.027083333333333334,0.1681070990237099,0.13557024114815314
1996-07-13,1996-07-15 23:00:00,72.0,2.459999999999999,0.09458333333333334,0.46534889311525307,0.18916621671351758
1996-07-19,1996-07-20 23:00:00,48.0,1.4799999999999998,0.048749999999999995,0.44673267402054023,0.30184640136522994
1996-08-13,1996-08-14 23:00:00,48.0,2.1700000000000004,0.08958333333333333,0.3697059456066946,0.1703714035053892
1996-09-04,1996-09-07 23:00:00,96.0,5.500000000000001,0.16291666666666668,3.645228280715101,0.6627687783118364
1996-09-17,1996-09-17 23:00:00,24.0,1.19,0.04958333333333333,0.40976429567642964,0.3443397442659073
1996-10-08,1996-10-10 23:00:00,72.0,1.8900000000000006,0.06333333333333334,0.5075112343096234,0.26852446259768425
1996-10-19,1996-10-21 23:00:00,72.0,2.6100000000000003,0.10125,1.4184795062761506,0.5434787380368392
1996-11-09,1996-11-09 23:00:00,24.0,2.53,0.10541666666666666,0.3504262761506276,0.13850840954570262
1996-12-01,1996-12-02 23:00:00,48.0,1.63,0.04416666666666667,0.7121599721059972,0.4369079583472376
1996-12-06,1996-12-06 23:00:00,24.0,1.06,0.04416666666666667,0.6587350069735007,0.6214481197863214
1996-12-12,1996-12-14 23:00:00,72.0,1.8899999999999997,0.03916666666666666,1.1789152196652721,0.6237646664895621
1997-01-25,1997-01-25 23:00:00,24.0,1.04,0.043333333333333335,0.5977242154811716,0.5747348225780496
1997-03-02,1997-03-04 23:00:00,72.0,2.4200000000000004,0.049999999999999996,0.7282393305439331,0.30092534319997233
1997-04-28,1997-04-28 23:00:00,24.0,1.22,0.050833333333333335,0.2668654811715481,0.21874219768159683
1997-05-26,1997-05-26 23:00:00,24.0,3.66,0.1525,1.1883683263598328,0.32469079955186686
1997-06-02,1997-06-04 23:00:00,72.0,1.39,0.035416666666666666,0.2548059623430962,0.18331364197345051
1997-08-20,1997-08-21 23:00:00,48.0,2.08,0.044583333333333336,0.3645864853556486,0.17528196411329258
1997-09-10,1997-09-12 23:00:00,72.0,2.1199999999999997,0.07125,0.3716082374476988,0.17528690445646172
1997-10-17,1997-10-18 23:00:00,48.0,2.0100000000000002,0.050833333333333335,0.26468698744769875,0.13168506838193966
1997-10-25,1997-10-25 23:00:00,24.0,1.09,0.04541666666666667,0.3349045083682009,0.30725184253963383
1997-11-07,1997-11-09 23:00:00,72.0,3.630000000000001,0.10166666666666667,1.400849267782427,0.38590888919626076
1998-01-28,1998-01-29 23:00:00,48.0,2.2,0.05708333333333334,1.610529288702929,0.7320587675922404
1998-02-04,1998-02-06 23:00:00,72.0,3.029999999999999,0.10458333333333332,2.21272719665272,0.7302730021956174
1998-02-17,1998-02-19 23:00:00,72.0,1.7300000000000002,0.06458333333333334,1.0332284518828452,0.5972418797010665
1998-02-24,1998-02-24 23:00:00,24.0,1.45,0.06041666666666667,0.5383991631799163,0.3713097677102871
1998-03-08,1998-03-09 23:00:00,48.0,1.54,0.05291666666666667,0.6364313807531381,0.41326713035918056
1998-03-18,1998-03-22 23:00:00,120.0,3.75,0.07166666666666667,2.2570152558738337,0.601870734899689
1998-04-02,1998-04-02 23:00:00,24.0,1.15,0.04791666666666666,0.27148181311018127,0.23607114183494024
1998-04-17,1998-04-20 23:00:00,96.0,1.18,0.02625,0.3308198326359833,0.2803557903694774
1998-05-02,1998-05-04 23:00:00,72.0,1.77,0.03375,0.7184583383144054,0.40590866571435336
1998-05-06,1998-05-13 23:00:00,192.0,2.31,0.034583333333333334,0.6001972504482966,0.25982564954471715
1998-06-10,1998-06-17 23:00:00,192.0,2.97,0.034583333333333334,1.3079780055788008,0.44039663487501707
1998-06-23,1998-06-24 23:00:00,48.0,1.31,0.028333333333333335,0.319668019525802,0.24402138895099387
1998-08-11,1998-08-11 23:00:00,24.0,1.29,0.05375,0.01851719665271967,0.014354416009860208
1998-09-22,1998-09-23 23:00:00,48.0,1.3000000000000003,0.042916666666666665,0.14120685104602512,0.10862065465078853
1998-10-08,1998-10-09 23:00:00,48.0,1.2,0.03333333333333333,0.17259005379557685,0.1438250448296474
1999-01-03,1999-01-03 23:00:00,24.0,1.23,0.05125,0.39249195258019526,0.31909914843918313
1999-01-08,1999-01-09 23:00:00,48.0,1.0899999999999999,0.041666666666666664,0.06940058577405858,0.06367026217803541
1999-01-22,1999-01-25 23:00:00,96.0,2.11,0.04416666666666667,0.6281842259414226,0.29771764262626665
1999-03-15,1999-03-15 23:00:00,24.0,1.29,0.05375,0.5026096234309624,0.38961986312477703
1999-05-23,1999-05-25 23:00:00,72.0,1.1300000000000001,0.03291666666666667,0.2151729372384938,0.1904185285296405
1999-08-26,1999-08-28 23:00:00,72.0,2.2,0.06958333333333333,0.1459279581589958,0.06633089007227082
1999-09-05,1999-09-10 23:00:00,144.0,4.1899999999999995,0.06416666666666666,0.8181551029288703,0.19526374771572086
1999-09-15,1999-09-17 23:00:00,72.0,3.5900000000000007,0.08916666666666667,1.9014360041841007,0.5296479120289973
1999-09-21,1999-09-22 23:00:00,48.0,1.5100000000000002,0.035833333333333335,0.775154748953975,0.5133475158635595
1999-09-28,1999-09-30 23:00:00,72.0,1.58,0.052083333333333336,0.7084995098625224,0.4484174113053939
1999-11-26,1999-11-27 23:00:00,48.0,1.3099999999999998,0.048749999999999995,0.39095474705211114,0.2984387382077185
1999-12-14,1999-12-15 23:00:00,48.0,1.35,0.03291666666666667,0.42538424387328155,0.3150994399061345
2000-02-18,2000-02-19 23:00:00,48.0,1.26,0.043333333333333335,0.42402824267782424,0.3365303513316065
2000-03-21,2000-03-22 23:00:00,48.0,1.8000000000000003,0.05708333333333334,0.6436359707112971,0.3575755392840539
2000-04-15,2000-04-19 23:00:00,120.0,2.8800000000000003,0.05583333333333334,1.761156569037657,0.6115126975825197
2000-05-20,2000-05-25 23:00:00,144.0,1.4300000000000002,0.01916666666666667,0.18381040794979078,0.1285387468180355
2000-06-13,2000-06-19 23:00:00,168.0,1.5099999999999998,0.03333333333333333,1.026692970711297,0.6799291196763557
2000-06-22,2000-06-22 23:00:00,24.0,1.1,0.04583333333333334,0.6842026359832637,0.6220023963484215
2000-07-31,2000-08-08 23:00:00,216.0,2.5599999999999996,0.037083333333333336,0.5617623968918112,0.21943843628586376
2000-08-28,2000-09-01 23:00:00,120.0,1.5699999999999998,0.028749999999999998,0.20725614740907627,0.13201028497393394
2000-09-19,2000-09-20 23:00:00,48.0,1.0499999999999998,0.03916666666666666,0.3050335803945009,0.2905081718042866
2000-09-25,2000-09-27 23:00:00,72.0,2.539999999999999,0.09041666666666666,0.7430219665271967,0.292528333278424
2000-12-16,2000-12-18 23:00:00,72.0,1.4199999999999997,0.049166666666666664,0.4231464714086473,0.2979904728229911
2001-01-19,2001-01-21 23:00:00,72.0,1.7800000000000002,0.045000000000000005,0.48046679079497917,0.2699251633679658
2001-02-13,2001-02-17 23:00:00,120.0,1.17,0.03333333333333333,0.2175381589958159,0.1859300504237743
2001-03-21,2001-03-22 23:00:00,48.0,1.58,0.035416666666666666,0.6831133891213389,0.4323502462793284
2001-03-30,2001-03-31 23:00:00,48.0,1.8500000000000005,0.07416666666666667,0.74146589958159,0.4007923781522107
2001-04-09,2001-04-13 23:00:00,120.0,1.2000000000000004,0.022500000000000003,0.33072646861924687,0.275605390516039
2001-05-19,2001-05-23 23:00:00,120.0,3.07,0.049999999999999996,1.3325712731619848,0.4340623039615586
2001-05-26,2001-05-28 23:00:00,72.0,2.28,0.05541666666666667,0.4608181111775254,0.2021132066568094
2001-06-05,2001-06-08 23:00:00,96.0,1.5200000000000002,0.051666666666666666,0.3041332845188285,0.20008768718343975
2001-06-16,2001-06-17 23:00:00,48.0,1.36,0.028749999999999998,0.16171425732217573,0.11890754214865862
2001-06-22,2001-06-23 23:00:00,48.0,2.04,0.075,0.9546470711297073,0.46796425055377805
2001-07-05,2001-07-06 23:00:00,48.0,1.28,0.04708333333333333,0.49464033771667665,0.38643776384115364
2001-07-08,2001-07-09 23:00:00,48.0,1.39,0.03625,0.3652533711894801,0.2627722094888346
2001-07-29,2001-07-30 23:00:00,48.0,1.12,0.024583333333333332,0.24500274058577412,0.21875244695158402
2001-08-11,2001-08-14 23:00:00,96.0,4.0200000000000005,0.10333333333333333,1.7041656171548123,0.4239217953121423
2001-08-23,2001-08-24 23:00:00,48.0,1.32,0.043333333333333335,0.4584951255230125,0.34734479206288826
2001-09-20,2001-09-21 23:00:00,48.0,1.1300000000000001,0.025416666666666667,0.24620998919107395,0.21788494618679108
2001-09-25,2001-09-25 23:00:00,24.0,1.32,0.055,0.15679189888423992,0.11878174157896963
2002-03-03,2002-03-04 23:00:00,48.0,1.0399999999999998,0.0425,0.2073926025104602,0.19941596395236563
2002-04-19,2002-04-22 23:00:00,96.0,1.03,0.029583333333333333,0.15613316387726642,0.15158559599734603
2002-04-28,2002-04-29 23:00:00,48.0,2.32,0.055,0.7410490959354454,0.3194177137652782
2002-06-19,2002-06-20 23:00:00,48.0,1.92,0.07291666666666667,0.5732343152022316,0.29855953916782896
2002-07-14,2002-07-15 23:00:00,48.0,1.39,0.034166666666666665,0.2007034597280335,0.14439097822160685
2002-08-28,2002-08-29 23:00:00,48.0,2.19,0.06916666666666667,0.48592302839211,0.22188266136626028
2002-09-27,2002-09-30 23:00:00,96.0,1.4500000000000002,0.042083333333333334,0.1392991129707113,0.09606835377290433
2002-10-10,2002-10-12 23:00:00,72.0,1.2899999999999998,0.0275,0.2045138786610879,0.15853789043495187
2002-10-15,2002-10-18 23:00:00,96.0,1.7700000000000002,0.046250000000000006,0.43032512691771263,0.24312154063147604
2002-10-24,2002-10-26 23:00:00,72.0,1.0199999999999998,0.04041666666666666,0.3566749964136282,0.3496813690329689
2002-10-29,2002-11-01 23:00:00,96.0,1.5999999999999999,0.03916666666666666,0.32864133891213393,0.20540083682008373
2002-11-11,2002-11-13 23:00:00,72.0,1.48,0.02291666666666667,0.6754357548117157,0.45637551000791604
2002-11-16,2002-11-18 23:00:00,72.0,2.1,0.04708333333333333,0.7577205748953976,0.3608193213787607
2002-12-11,2002-12-12 23:00:00,48.0,1.2500000000000002,0.0425,0.917425949790795,0.7339407598326358
2002-12-25,2002-12-26 23:00:00,48.0,1.07,0.02625,0.3281367286312015,0.3066698398422444
2003-01-01,2003-01-04 23:00:00,96.0,2.12,0.043750000000000004,0.8200472803347281,0.3868147548748717
2003-02-15,2003-02-18 23:00:00,96.0,2.1700000000000004,0.05416666666666667,0.1876616736401674,0.086480033935561
2003-02-22,2003-02-24 23:00:00,72.0,3.000000000000001,0.085,2.6302977615062764,0.8767659205020919
2003-03-20,2003-03-22 23:00:00,72.0,2.2,0.08291666666666667,1.0855123012552301,0.4934146823887409
2003-04-07,2003-04-11 23:00:00,120.0,1.7599999999999998,0.020833333333333332,0.5356972651198174,0.3043734460908054
2003-05-08,2003-05-11 23:00:00,96.0,1.44,0.020833333333333332,0.3930158284518828,0.27292765864714086
2003-05-15,2003-05-19 23:00:00,120.0,2.04,0.05416666666666667,0.80840789958159,0.3962783821478382
2003-05-21,2003-05-30 23:00:00,240.0,2.8999999999999995,0.05625,1.0262261506276151,0.3538710864233156
2003-06-07,2003-06-09 23:00:00,72.0,1.9,0.03875,0.908587489539749,0.4782039418630258
2003-06-12,2003-06-15 23:00:00,96.0,1.5899999999999999,0.0275,0.5332382078103208,0.3353699420190697
2003-06-18,2003-06-22 23:00:00,120.0,2.48,0.029166666666666664,1.1598923012552302,0.46769850857065737
2003-07-03,2003-07-04 23:00:00,48.0,1.05,0.04125,0.18856834198047423,0.17958889712426115
2003-07-10,2003-07-11 23:00:00,48.0,1.87,0.057916666666666665,1.3733535648535566,0.7344136710446827
2003-07-23,2003-07-23 23:00:00,24.0,1.46,0.06083333333333333,0.796550669456067,0.5455826503123746
2003-08-27,2003-09-05 23:00:00,240.0,3.12,0.024999999999999998,0.42434982984658304,0.1360095608482638
2003-09-13,2003-09-14 23:00:00,48.0,1.3,0.050416666666666665,0.1759341157601116,0.13533393520008583
2003-09-19,2003-09-20 23:00:00,48.0,2.38,0.09666666666666666,2.236962939330544,0.9399003946766993
2003-09-23,2003-09-23 23:00:00,24.0,2.69,0.11208333333333333,1.590767238493724,0.5913632856853992
2003-10-14,2003-10-15 23:00:00,48.0,1.6800000000000002,0.06166666666666667,0.3727699828832256,0.22188689457334856
2003-10-27,2003-10-30 23:00:00,96.0,2.7199999999999998,0.05708333333333334,1.081586768733359,0.39764219438726434
2003-11-06,2003-11-07 23:00:00,48.0,1.46,0.04416666666666667,0.42305014345487163,0.2897603722293641
2003-11-20,2003-11-20 23:00:00,24.0,1.79,0.07458333333333333,0.21221641004184102,0.11855665365465978
2003-12-05,2003-12-06 23:00:00,48.0,1.32,0.037083333333333336,0.3939961506276151,0.2984819322936478
2003-12-14,2003-12-15 23:00:00,48.0,1.01,0.025416666666666667,0.7610723430962344,0.7535369733626083
2004-02-06,2004-02-07 23:00:00,48.0,1.5999999999999999,0.04791666666666666,0.9025382792887031,0.5640864245554394
2004-03-06,2004-03-08 23:00:00,72.0,1.0900000000000003,0.03375,0.32054979079497914,0.2940823768761276
2004-03-31,2004-04-04 23:00:00,120.0,1.94,0.03,0.5246491898060099,0.27043772670412886
2004-04-11,2004-04-15 23:00:00,120.0,2.0999999999999996,0.055,0.7915005249144161,0.37690501186400777
2004-06-05,2004-06-06 23:00:00,48.0,1.76,0.044583333333333336,1.0447322325164377,0.5935978593843396
2004-06-11,2004-06-12 23:00:00,48.0,1.13,0.04541666666666667,0.2948702402869097,0.26094711529815023
2004-07-23,2004-07-28 23:00:00,144.0,3.03,0.057499999999999996,0.8188218776150628,0.27023824343731445
2004-08-02,2004-08-03 23:00:00,48.0,1.24,0.03166666666666667,0.23878538865643895,0.19256886181970884
2004-08-12,2004-08-16 23:00:00,120.0,1.9599999999999997,0.03916666666666666,0.29976073640167367,0.15293915122534374
2004-09-07,2004-09-09 23:00:00,72.0,1.1099999999999999,0.04041666666666666,0.21427041841004182,0.19303641298201968
2004-09-18,2004-09-19 23:00:00,48.0,1.33,0.05291666666666667,0.4939171940778887,0.3713663113367584
2004-09-28,2004-09-29 23:00:00,48.0,1.8599999999999999,0.06083333333333333,1.1296019020920505,0.6073128505871239
2004-11-05,2004-11-05 23:00:00,24.0,1.54,0.06416666666666666,0.0627575945226322,0.040751684754955976
2004-11-12,2004-11-13 23:00:00,48.0,2.1900000000000004,0.06333333333333334,0.8140369717573224,0.37170637979786403
2004-12-23,2004-12-24 23:00:00,48.0,1.01,0.03958333333333333,0.40173758368200846,0.39775998384357275
2005-01-14,2005-01-15 23:00:00,48.0,1.9900000000000002,0.07291666666666667,1.5531822368844546,0.7804935863740977
2005-03-23,2005-03-24 23:00:00,48.0,1.7799999999999998,0.03791666666666667,0.6255389121338912,0.3514263551313996
2005-03-28,2005-03-29 23:00:00,48.0,1.8900000000000001,0.06583333333333334,1.2203788463837417,0.6457030933247311
2005-04-02,2005-04-03 23:00:00,48.0,2.19,0.0625,1.4587016138673043,0.6660737962864404
2005-04-20,2005-04-24 23:00:00,120.0,1.28,0.034999999999999996,0.3228838912133891,0.2522530400104602
2005-04-30,2005-05-02 23:00:00,72.0,1.3899999999999997,0.03208333333333333,0.53692089958159,0.3862740284759641
2005-05-19,2005-05-21 23:00:00,72.0,3.4200000000000004,0.07041666666666667,1.4766891414986685,0.4317804507306048
2005-05-23,2005-05-28 23:00:00,144.0,1.3299999999999998,0.01958333333333333,0.24916875618105747,0.18734492945944173
2005-07-08,2005-07-09 23:00:00,48.0,2.8399999999999994,0.11708333333333333,1.327053904363419,0.46727250153641525
2005-07-13,2005-07-17 23:00:00,120.0,1.55,0.020833333333333332,0.5892047489539749,0.3801320960993386
2005-08-09,2005-08-10 23:00:00,48.0,1.2900000000000003,0.04,0.2119518786610879,0.16430378190782002
2005-10-07,2005-10-15 23:00:00,216.0,8.030000000000001,0.21,3.2068828075313807,0.3993627406639328
2005-10-25,2005-10-26 23:00:00,48.0,1.26,0.035416666666666666,0.43305343096234317,0.34369319917646285
2005-11-22,2005-11-24 23:00:00,72.0,1.1900000000000004,0.04416666666666667,0.23412360968320386,0.1967425291455494
2005-12-16,2005-12-16 23:00:00,24.0,1.21,0.050416666666666665,0.42976079330543937,0.3551742093433383
2006-04-22,2006-04-24 23:00:00,72.0,2.0999999999999996,0.075,0.7617689118877676,0.362747100898937
2006-05-08,2006-05-15 23:00:00,192.0,2.38,0.03166666666666667,0.22379354811715485,0.09403090257023314
2006-06-20,2006-06-20 23:00:00,24.0,1.47,0.06125,0.36594847617387266,0.24894454161487936
2006-06-23,2006-06-28 23:00:00,144.0,11.980000000000002,0.21708333333333332,5.231372585774059,0.43667550799449567
2006-07-05,2006-07-06 23:00:00,48.0,2.0399999999999996,0.07125,0.6700424267782427,0.3284521699893347
2006-07-15,2006-07-16 23:00:00,48.0,1.13,0.0425,0.024331700139470017,0.02153247799953099
2006-08-29,2006-09-03 23:00:00,144.0,3.22,0.11541666666666667,1.093868380753138,0.3397106772525273
2006-09-05,2006-09-06 23:00:00,48.0,1.64,0.034583333333333334,0.4073005230125523,0.24835397744667825
2006-09-29,2006-09-29 23:00:00,24.0,1.21,0.050416666666666665,0.10571918828451883,0.08737122998720565
2006-10-06,2006-10-08 23:00:00,72.0,2.2999999999999994,0.06541666666666666,0.5548084078103209,0.24122104687405263
2006-10-28,2006-10-28 23:00:00,24.0,1.53,0.06375,0.38202480892608087,0.24968941759874566
2006-11-08,2006-11-09 23:00:00,48.0,1.82,0.07333333333333333,0.8920745071129709,0.4901508280840499
2006-11-17,2006-11-17 23:00:00,24.0,2.29,0.09541666666666666,0.1126592468619247,0.049196177668962754
2006-11-23,2006-11-24 23:00:00,48.0,1.05,0.04125,0.2020941945606695,0.1924706614863519
2007-01-01,2007-01-02 23:00:00,48.0,1.1999999999999997,0.04083333333333333,0.3954225453277545,0.3295187877731288
2007-02-13,2007-02-14 23:00:00,48.0,1.36,0.05541666666666667,0.030032092050209208,0.022082420625153826
2007-03-16,2007-03-17 23:00:00,48.0,2.3600000000000003,0.05666666666666667,0.9902810041841004,0.4196105949932628
2007-04-15,2007-04-17 23:00:00,72.0,2.4600000000000004,0.05458333333333334,1.1357343619246865,0.46168063492873423
2007-08-20,2007-08-22 23:00:00,72.0,1.71,0.042916666666666665,0.31866878045778985,0.1863560119636198
2007-10-24,2007-10-28 23:00:00,120.0,4.800000000000002,0.10208333333333335,0.9108947124381895,0.18976973175795608
2008-02-01,2008-02-02 23:00:00,48.0,1.78,0.05291666666666667,0.5313123897190676,0.2984901065837458
2008-02-13,2008-02-14 23:00:00,48.0,1.4100000000000004,0.045000000000000005,0.423431750348675,0.300306205921046
2008-03-05,2008-03-05 23:00:00,24.0,2.0,0.08333333333333333,0.8163282803347282,0.4081641401673641
2008-04-01,2008-04-04 23:00:00,96.0,1.0199999999999998,0.03333333333333333,0.27002429707112974,0.2647297030109116
2008-04-20,2008-04-22 23:00:00,72.0,3.4,0.11666666666666665,1.8325578123132098,0.5389875918568264
2008-04-27,2008-04-29 23:00:00,72.0,1.09,0.030833333333333334,0.19773084138455685,0.1814044416372081
2008-05-08,2008-05-13 23:00:00,144.0,6.280000000000001,0.13125,3.2191407248953974,0.5126020262572288
2008-05-16,2008-05-17 23:00:00,48.0,1.1000000000000003,0.04541666666666667,0.38276134728033473,0.34796486116394054
2008-06-01,2008-06-01 23:00:00,24.0,1.65,0.06874999999999999,0.45936392956764305,0.2784023815561473
2008-06-04,2008-06-05 23:00:00,48.0,2.34,0.05666666666666667,0.9001847280334727,0.3846943282194328
2008-07-14,2008-07-14 23:00:00,24.0,1.0,0.041666666666666664,0.1674055721757322,0.1674055721757322
2008-07-23,2008-07-24 23:00:00,48.0,1.6300000000000001,0.05333333333333334,0.21193773259794604,0.13002314883309574
2008-08-28,2008-08-30 23:00:00,72.0,1.1600000000000001,0.027083333333333334,0.2270239430962343,0.19571029577261576
2008-09-06,2008-09-07 23:00:00,48.0,7.949999999999999,0.315,4.55759193699237,0.5732820046531284
2008-09-26,2008-09-29 23:00:00,96.0,2.0100000000000002,0.052083333333333336,0.3491010258019526,0.17368210238903115
2008-10-25,2008-10-26 23:00:00,48.0,1.0699999999999998,0.03916666666666666,0.1828728776150628,0.17090923141594655
2008-11-13,2008-11-16 23:00:00,96.0,1.4100000000000001,0.0325,0.22666269616993887,0.16075368522690697
2008-12-10,2008-12-12 23:00:00,72.0,1.65,0.06208333333333333,0.47817937238493735,0.2898056802332954
2009-01-06,2009-01-08 23:00:00,72.0,2.1199999999999997,0.05375,0.7551810736401674,0.35621748756611676
2009-03-26,2009-03-29 23:00:00,96.0,1.1799999999999997,0.029166666666666664,0.24167275732217575,0.20480742145947103
2009-04-20,2009-04-23 23:00:00,96.0,1.4800000000000006,0.045000000000000005,0.3628229428172944,0.24515063703871232
2009-04-30,2009-05-09 23:00:00,240.0,3.6900000000000004,0.05125,0.9270813451882846,0.2512415569615947
2009-05-15,2009-05-15 23:00:00,24.0,1.46,0.06083333333333333,1.1847375034867504,0.8114640434840756
2009-05-26,2009-05-27 23:00:00,48.0,1.3599999999999997,0.048749999999999995,0.7124919330543934,0.5238911272458776
2009-05-29,2009-05-31 23:00:00,72.0,1.49,0.03916666666666666,0.6806496164574617,0.4568118231258132
2009-06-03,2009-06-06 23:00:00,96.0,2.3499999999999996,0.03666666666666667,1.0181482180962345,0.43325456089201475
2009-06-09,2009-06-12 23:00:00,96.0,1.1700000000000002,0.018333333333333333,0.1014361140167364,0.08669753334763794
2009-06-18,2009-06-19 23:00:00,48.0,1.14,0.028749999999999998,0.32887252600119543,0.2884846719308732
2009-07-24,2009-07-24 23:00:00,24.0,1.39,0.057916666666666665,0.34176417015341704,0.24587350370749428
2009-08-01,2009-08-03 23:00:00,72.0,1.4900000000000002,0.037083333333333336,0.22088537014345488,0.1482452148613791
2009-08-22,2009-08-23 23:00:00,48.0,1.25,0.034583333333333334,0.17206988284518832,0.13765590627615065
2009-09-25,2009-09-28 23:00:00,96.0,1.7,0.06291666666666666,0.2379947809052872,0.13999692994428659
2009-10-15,2009-10-18 23:00:00,96.0,2.7199999999999998,0.0425,0.46642328661087873,0.17147914948929366
2009-10-27,2009-10-28 23:00:00,48.0,2.09,0.05958333333333333,0.4841079874476988,0.23163061600368365
2009-11-11,2009-11-14 23:00:00,96.0,2.15,0.050416666666666665,0.5135591478382149,0.2388647199247511
2009-11-24,2009-11-27 23:00:00,96.0,1.14,0.03208333333333333,0.29081735277943815,0.2551029410345949
2009-12-09,2009-12-09 23:00:00,24.0,1.6600000000000001,0.06916666666666667,0.9319907364016736,0.5614402026516105
2009-12-19,2009-12-20 23:00:00,48.0,1.6300000000000001,0.043750000000000004,0.03991311715481172,0.02448657494160228
2009-12-26,2009-12-27 23:00:00,48.0,1.6499999999999997,0.06083333333333333,1.361143626220363,0.8249355310426443
2010-02-06,2010-02-07 23:00:00,48.0,2.78,0.09000000000000001,0.08122669456066947,0.02921823545347823
2010-03-12,2010-03-16 23:00:00,120.0,2.209999999999999,0.0325,1.0306765020920503,0.46636945796020396
2010-03-29,2010-03-31 23:00:00,72.0,1.2000000000000004,0.043333333333333335,0.3499594560669457,0.29163288005578797
2010-05-23,2010-05-24 23:00:00,48.0,2.1900000000000004,0.08583333333333333,0.5834732357043235,0.2664261350248052
2010-07-10,2010-07-11 23:00:00,48.0,1.2000000000000002,0.03291666666666667,0.6002947183778564,0.5002455986482136
2010-07-13,2010-07-15 23:00:00,72.0,2.5700000000000003,0.07083333333333333,0.41887526713871914,0.1629864852679841
2010-08-04,2010-08-06 23:00:00,72.0,1.52,0.055,0.15936265115062762,0.10484384944120238
2010-08-12,2010-08-13 23:00:00,48.0,1.8199999999999998,0.05875,0.19939441841004185,0.10955737275277026
2010-08-18,2010-08-19 23:00:00,48.0,1.19,0.028333333333333335,0.33022074686192476,0.27749642593439056
2010-09-27,2010-10-01 23:00:00,120.0,6.510000000000001,0.10958333333333332,2.198545441905375,0.33771819384107143
2010-10-04,2010-10-05 23:00:00,48.0,1.04,0.035416666666666666,0.32330043836498235,0.31086580612017534
2010-10-14,2010-10-15 23:00:00,48.0,1.01,0.04125,0.25421465690376566,0.2516976801027383
2010-10-27,2010-10-28 23:00:00,48.0,1.4499999999999997,0.04041666666666666,0.4817116443514646,0.33221492713894113
2010-11-04,2010-11-05 23:00:00,48.0,1.4800000000000002,0.03166666666666667,0.46396556531845645,0.3134902468367949
2010-11-30,2010-12-02 23:00:00,72.0,1.0,0.025833333333333333,0.3279022071129707,0.3279022071129707
2011-01-26,2011-01-27 23:00:00,48.0,1.6300000000000001,0.057916666666666665,0.18132070083682011,0.11123969376492031
2011-03-06,2011-03-07 23:00:00,48.0,2.0,0.07625,1.7120445027894002,0.8560222513947001
2011-03-10,2011-03-11 23:00:00,48.0,1.9300000000000002,0.05416666666666667,1.0053748535564853,0.5209196132417022
2011-04-17,2011-04-17 23:00:00,24.0,1.35,0.05625,0.2958083263598327,0.21911727878506124
2011-05-14,2011-05-20 23:00:00,168.0,2.92,0.03791666666666667,0.9164067259414226,0.31383791984295295
2011-06-17,2011-06-21 23:00:00,120.0,1.9800000000000002,0.05583333333333334,0.8713663682008369,0.44008402434385696
2011-07-14,2011-07-14 23:00:00,24.0,1.53,0.06375,0.038130556020455605,0.024921932039513466
2011-08-19,2011-08-20 23:00:00,48.0,1.4400000000000002,0.04833333333333333,0.7930561876867903,0.5507334636713821
2011-08-28,2011-08-29 23:00:00,48.0,3.1199999999999997,0.12541666666666665,0.6139189822175732,0.1967689045569145
2011-09-06,2011-09-10 23:00:00,120.0,11.57,0.2733333333333333,9.277499352859136,0.8018581981727861
2011-10-12,2011-10-15 23:00:00,96.0,1.9099999999999997,0.04,0.9542813953974896,0.49962376722381663
2011-10-27,2011-10-30 23:00:00,96.0,1.41,0.03,0.6447511520223153,0.4572703205832023
2011-11-21,2011-11-24 23:00:00,96.0,1.01,0.028749999999999998,0.650290750348675,0.643852228067995
2011-12-06,2011-12-08 23:00:00,72.0,2.71,0.07208333333333333,1.5243231799163182,0.5624808781979034
2012-01-12,2012-01-13 23:00:00,48.0,1.5100000000000002,0.06,0.6533702809324567,0.4326955502863951
2012-04-22,2012-04-24 23:00:00,72.0,1.4999999999999998,0.050416666666666665,0.54481404916318,0.36320936610878674
2012-05-14,2012-05-16 23:00:00,72.0,1.1100000000000003,0.04083333333333333,0.4218964309623429,0.38008687474084935
2012-05-21,2012-05-25 23:00:00,120.0,1.2499999999999996,0.01875,0.7123363263598326,0.5698690610878663
2012-06-02,2012-06-02 23:00:00,24.0,2.16,0.09000000000000001,0.6206556911373147,0.28734059774875675
2012-10-01,2012-10-04 23:00:00,96.0,1.1500000000000001,0.03791666666666667,0.45500953556485363,0.39566046570856833
2012-10-29,2012-10-31 23:00:00,72.0,6.370000000000001,0.21458333333333335,2.8297622029288707,0.44423268491819
2012-12-21,2012-12-21 23:00:00,24.0,1.22,0.050833333333333335,0.419503459344491,0.3438552945446648
2012-12-25,2012-12-27 23:00:00,72.0,1.81,0.06625,0.937259579079498,0.5178229718671259
2013-01-14,2013-01-17 23:00:00,96.0,1.28,0.030833333333333334,0.45262356624825656,0.35361216113145044
2013-01-31,2013-02-01 23:00:00,48.0,1.5099999999999998,0.06208333333333333,0.7217686854951186,0.47799250695040973
2013-03-06,2013-03-07 23:00:00,48.0,1.14,0.028749999999999998,0.4978247175732219,0.4366883487484403
2013-04-17,2013-04-20 23:00:00,96.0,1.06,0.037083333333333336,0.41038153556485363,0.3871523920423147
2013-05-07,2013-05-12 23:00:00,144.0,1.9,0.035416666666666666,0.5952729654512852,0.3133015607638343
2013-05-23,2013-05-25 23:00:00,72.0,1.0100000000000002,0.04083333333333333,0.39252099916317995,0.38863465263681174
2013-06-07,2013-06-08 23:00:00,48.0,2.6699999999999995,0.07375,1.7872498666317993,0.6693819725212733
2013-06-10,2013-06-11 23:00:00,48.0,2.01,0.057916666666666665,0.8539598143305439,0.42485562902017115
2013-06-23,2013-06-29 23:00:00,168.0,3.41,0.07875,0.8690322677824268,0.2548481723702131
2013-07-01,2013-07-04 23:00:00,96.0,1.19,0.025833333333333333,0.606351495218171,0.5095390716119085
2013-07-11,2013-07-13 23:00:00,72.0,2.9,0.09791666666666667,1.3346275044829647,0.46021638085619476
2013-09-22,2013-09-22 23:00:00,24.0,1.04,0.043333333333333335,0.175693789865179,0.16893633640882597
2013-10-10,2013-10-14 23:00:00,120.0,5.8100000000000005,0.145,2.272122271966527,0.3910709590303833
2013-11-27,2013-11-28 23:00:00,48.0,2.3000000000000003,0.09083333333333334,0.7036379121338913,0.3059295270147353
2013-12-09,2013-12-11 23:00:00,72.0,1.7299999999999998,0.050833333333333335,0.515089280334728,0.29773946840157695
2013-12-29,2013-12-30 23:00:00,48.0,1.2300000000000002,0.04125,0.5998971518230723,0.4877212616447742
2014-01-10,2014-01-12 23:00:00,72.0,1.3800000000000001,0.028333333333333335,0.7971319716078902,0.5776318634839783
2014-02-03,2014-02-06 23:00:00,96.0,1.8500000000000005,0.03375,0.88088949790795,0.47615648535564853
2014-02-13,2014-02-16 23:00:00,96.0,1.7800000000000002,0.04708333333333333,0.5621758661087867,0.31582913826336323
2014-03-29,2014-03-31 23:00:00,72.0,2.6,0.05625,1.6955424128312415,0.6521316972427852
2014-04-15,2014-04-16 23:00:00,48.0,2.38,0.09291666666666666,1.1952372504482967,0.502200525398444
2014-04-29,2014-05-01 23:00:00,72.0,4.470000000000001,0.11625,3.39347079497908,0.7591657259461029
2014-05-16,2014-05-17 23:00:00,48.0,3.6499999999999995,0.14583333333333334,1.6980839888423986,0.4652284900938079
2014-05-28,2014-05-30 23:00:00,72.0,1.0700000000000003,0.02791666666666667,0.1420911416616856,0.13279545949690238
2014-06-11,2014-06-14 23:00:00,96.0,1.9799999999999995,0.055,0.863754454836328,0.4362396236547112
2014-07-03,2014-07-04 23:00:00,48.0,1.1199999999999999,0.042916666666666665,0.15903522873082288,0.14199573993823472
2014-07-14,2014-07-16 23:00:00,72.0,1.5899999999999999,0.041666666666666664,0.46247745992919215,0.29086632699949194
2014-08-12,2014-08-13 23:00:00,48.0,2.6899999999999995,0.10458333333333332,1.0272531548117156,0.3818784962125338
2014-08-21,2014-08-24 23:00:00,96.0,1.63,0.03333333333333333,0.4002869049068087,0.2455747882863857
2014-09-25,2014-09-26 23:00:00,48.0,1.52,0.055,0.38306265842525683,0.2520149068587216
2014-10-11,2014-10-17 23:00:00,168.0,1.7200000000000002,0.03958333333333333,0.3618789288702929,0.21039472608737955
2014-11-26,2014-11-27 23:00:00,48.0,1.15,0.0325,0.48042788912133894,0.41776338184464257
2014-12-23,2014-12-25 23:00:00,72.0,1.4099999999999997,0.023749999999999997,0.6499341516736402,0.46094620686073784
2015-01-24,2015-01-27 23:00:00,96.0,1.4100000000000001,0.04416666666666667,0.45263690396493333,0.32101908082619385
2015-03-04,2015-03-06 23:00:00,72.0,1.26,0.03,0.6204816945606695,0.4924457893338647
2015-04-20,2015-04-21 23:00:00,48.0,2.15,0.06333333333333334,0.7978473919107393,0.37109181019104154
2015-06-01,2015-06-06 23:00:00,144.0,1.6099999999999999,0.027083333333333334,0.3106259738493724,0.19293538748408226
2015-06-18,2015-06-21 23:00:00,96.0,3.66,0.10291666666666667,1.425223945008966,0.38940544945600164
2015-06-26,2015-06-28 23:00:00,72.0,2.59,0.08291666666666667,1.0031963598326359,0.3873345018658826
2015-07-01,2015-07-07 23:00:00,168.0,2.33,0.028749999999999998,0.7603409916317991,0.32632660585055756
2015-07-09,2015-07-14 23:00:00,144.0,1.3800000000000001,0.04541666666666667,0.07679190376569038,0.05564630707658723
2015-07-27,2015-07-31 23:00:00,120.0,1.02,0.01958333333333333,0.11910914435146445,0.11677367093280829
2015-09-30,2015-10-04 23:00:00,120.0,4.459999999999998,0.10333333333333333,0.9572643757322177,0.2146332681013942
2015-10-28,2015-10-29 23:00:00,48.0,1.02,0.04,0.16768399701135686,0.16439607550133026
2015-11-29,2015-12-03 23:00:00,120.0,1.4000000000000001,0.021666666666666667,0.402308660251046,0.2873633287507471
2015-12-22,2015-12-31 23:00:00,240.0,2.54,0.04708333333333333,0.6861624158530918,0.27014268340672903
2016-01-09,2016-01-10 23:00:00,48.0,1.02,0.04125,0.37199855090655504,0.36470446167309317
2016-01-23,2016-01-24 23:00:00,48.0,2.6799999999999997,0.06916666666666667,0.17490192468619248,0.06526191219634048
2016-02-15,2016-02-17 23:00:00,72.0,1.31,0.024999999999999998,0.5233831171548118,0.3995290970647418
2016-02-22,2016-02-25 23:00:00,96.0,2.0300000000000002,0.05666666666666667,1.131779358437936,0.5575267775556335
2016-04-07,2016-04-13 23:00:00,168.0,1.25,0.035833333333333335,0.20775750020920503,0.16620600016736403
2016-05-01,2016-05-08 23:00:00,192.0,2.4899999999999998,0.03875,0.561335589958159,0.22543597990287512
2016-05-21,2016-05-24 23:00:00,96.0,1.7200000000000002,0.02791666666666667,0.49559176150627626,0.2881347450617885
2016-06-04,2016-06-06 23:00:00,72.0,1.31,0.04708333333333333,0.08518476302776719,0.0650265366624177
2016-06-22,2016-06-24 23:00:00,72.0,1.7199999999999995,0.04708333333333333,0.18268003646144654,0.10620932352409686
2016-07-29,2016-07-29 23:00:00,24.0,1.32,0.055,0.3635190234309624,0.2753931995689109
2016-08-15,2016-08-16 23:00:00,48.0,1.31,0.05291666666666667,0.6489265983263598,0.49536381551630515
2016-09-27,2016-10-02 23:00:00,144.0,3.419999999999999,0.09499999999999999,1.0248412510460252,0.29966118451638174
2016-12-07,2016-12-07 23:00:00,24.0,1.02,0.0425,0.06938502510460251,0.06802453441627697
2017-01-02,2017-01-04 23:00:00,72.0,1.22,0.030833333333333334,0.41174568758716884,0.3374964652353843
2017-01-23,2017-01-24 23:00:00,48.0,1.0899999999999999,0.03666666666666667,0.3751054979079498,0.34413348431922003
2017-03-14,2017-03-15 23:00:00,48.0,1.2400000000000002,0.046250000000000006,0.1542784802749552,0.1244181292539961
2017-03-31,2017-04-01 23:00:00,48.0,1.1500000000000001,0.043750000000000004,0.4497422489539749,0.39108021648171726
2017-04-07,2017-04-07 23:00:00,24.0,1.5,0.0625,0.0691485029288703,0.0460990019525802
2017-04-21,2017-04-26 23:00:00,144.0,1.01,0.015,0.07495885690376569,0.07421669000372841
2017-05-05,2017-05-07 23:00:00,72.0,2.3699999999999997,0.06166666666666667,0.7569020836820082,0.3193679677983157
2017-05-12,2017-05-14 23:00:00,72.0,2.2299999999999995,0.05875,0.45495396174536773,0.20401522948222772
2017-05-22,2017-05-26 23:00:00,120.0,1.53,0.023333333333333334,0.3483742128661088,0.227695563964777
2017-07-05,2017-07-08 23:00:00,96.0,2.9,0.06541666666666666,0.7091066229660623,0.24451952516071115
2017-07-23,2017-07-25 23:00:00,72.0,1.6199999999999999,0.04,0.9543213344490936,0.5890872434870948
2017-07-29,2017-07-30 23:00:00,48.0,4.7,0.19499999999999998,0.9229033054393305,0.1963624054126235
2017-08-07,2017-08-08 23:00:00,48.0,1.68,0.05625,0.5036366276150628,0.29978370691372785
2017-08-12,2017-08-13 23:00:00,48.0,1.7600000000000002,0.04416666666666667,0.6034661025104603,0.34287846733548877
2017-10-29,2017-10-30 23:00:00,48.0,1.12,0.0425,0.217094679916318,0.19383453563956962
2017-11-05,2017-11-10 23:00:00,144.0,1.8299999999999994,0.043333333333333335,0.4073953689978083,0.22262042021738165
2018-02-05,2018-02-05 23:00:00,24.0,1.12,0.04666666666666667,0.1479632937238494,0.13211008368200838
2018-02-11,2018-02-13 23:00:00,72.0,2.0100000000000002,0.06874999999999999,0.5290962169456067,0.26323194872915756
2018-03-20,2018-03-22 23:00:00,72.0,1.22,0.02625,0.3953048029288704,0.3240203302695659
2018-04-16,2018-04-17 23:00:00,48.0,2.89,0.10791666666666666,1.0941343267402053,0.37859319264366964
2018-04-25,2018-04-28 23:00:00,96.0,1.8,0.03791666666666667,0.6371811220996577,0.3539895122775876
2018-05-13,2018-05-20 23:00:00,192.0,6.710000000000001,0.0725,2.17138249790795,0.32360394901757816
2018-05-31,2018-06-04 23:00:00,120.0,3.4499999999999997,0.07958333333333333,0.9104547698744772,0.26389993329694994
2018-06-10,2018-06-12 23:00:00,72.0,1.3499999999999996,0.04791666666666666,0.31063764435146446,0.23010195877886264
2018-06-20,2018-06-25 23:00:00,144.0,2.0700000000000003,0.025833333333333333,0.25731512029288706,0.12430682139752997
2018-07-21,2018-07-26 23:00:00,144.0,9.059999999999999,0.20375,4.241060460251046,0.46810821857075574
2018-07-31,2018-08-04 23:00:00,120.0,3.2199999999999993,0.04541666666666667,1.234427907949791,0.38336270433223335
2018-08-22,2018-08-23 23:00:00,48.0,2.4899999999999998,0.10166666666666667,0.10613932635983267,0.04262623548587658
2018-09-08,2018-09-11 23:00:00,96.0,3.16,0.059166666666666666,0.5578500000000001,0.1765348101265823
2018-09-18,2018-09-19 23:00:00,48.0,2.2399999999999998,0.08416666666666667,0.4742788312412831,0.21173162108985855
2018-09-22,2018-09-28 23:00:00,168.0,3.66,0.06625,1.123229568554876,0.3068933247417694
2018-10-11,2018-10-13 23:00:00,72.0,2.5299999999999994,0.08333333333333333,0.5118526610878662,0.20231330477781279
2018-10-27,2018-10-30 23:00:00,96.0,1.3099999999999998,0.04666666666666667,0.5174589479976092,0.3950068305325261
2018-11-03,2018-11-03 23:00:00,24.0,1.21,0.050416666666666665,1.0484001046025107,0.8664463674400915
2018-11-05,2018-11-07 23:00:00,72.0,2.2699999999999996,0.04083333333333333,1.0237364435146443,0.4509852174073324
2018-11-13,2018-11-16 23:00:00,96.0,2.4800000000000004,0.05708333333333334,1.1291859135285913,0.45531690061636737
2018-11-25,2018-11-25 23:00:00,24.0,1.71,0.07125,0.1875060669456067,0.10965267072842498
2018-12-15,2018-12-17 23:00:00,72.0,3.72,0.12041666666666667,1.9356305753138074,0.5203307998155396
2018-12-28,2018-12-29 23:00:00,48.0,1.12,0.028333333333333335,0.4552118242677825,0.4064391288105201
2019-01-24,2019-01-25 23:00:00,48.0,1.2599999999999998,0.03916666666666666,0.6164618549511854,0.48925544043744884
2019-02-11,2019-02-13 23:00:00,72.0,1.25,0.020833333333333332,0.2854271368798566,0.22834170950388527
2019-03-21,2019-03-23 23:00:00,72.0,2.71,0.09791666666666667,1.1957012918410044,0.44121818887121933
2019-05-03,2019-05-06 23:00:00,96.0,2.6799999999999997,0.05666666666666667,0.5416669037656904,0.2021145163304815
2019-05-11,2019-05-14 23:00:00,96.0,1.8299999999999998,0.02791666666666667,0.3671539958158997,0.20063059880650258
2019-06-18,2019-06-19 23:00:00,48.0,2.6000000000000005,0.06625,0.35578692677824264,0.13684112568393944
2019-07-03,2019-07-03 23:00:00,24.0,1.36,0.05666666666666667,0.06557266108786612,0.04821519197637215
2019-07-07,2019-07-09 23:00:00,72.0,4.39,0.15541666666666668,1.4764710092050213,0.33632597020615523
2019-08-16,2019-08-16 23:00:00,24.0,1.6600000000000001,0.06916666666666667,0.04113129527794381,0.024777888721652895
2019-10-17,2019-10-17 23:00:00,24.0,1.37,0.05708333333333334,0.3778097199641363,0.2757735182219973
2019-10-20,2019-10-21 23:00:00,48.0,2.1599999999999997,0.08374999999999999,0.4544849187089062,0.21040968458745662
2019-10-27,2019-10-28 23:00:00,48.0,1.4500000000000002,0.046250000000000006,0.4801711380753139,0.33115250901745785
2019-10-31,2019-11-01 23:00:00,48.0,1.6199999999999999,0.042083333333333334,0.412560029288703,0.254666684746113
2019-12-14,2019-12-18 23:00:00,120.0,1.0899999999999999,0.01916666666666667,0.14616007147838217,0.13409180869576348
2020-01-25,2020-01-26 23:00:00,48.0,1.7399999999999998,0.06999999999999999,0.58236669920967,0.3346935052929138
2020-02-02,2020-02-08 23:00:00,168.0,1.8799999999999997,0.04708333333333333,0.5408110669456067,0.28766546114128017
2020-02-10,2020-02-14 23:00:00,120.0,1.3800000000000003,0.030416666666666665,0.2594586025104602,0.1880134800800436
2020-04-13,2020-04-15 23:00:00,72.0,2.88,0.08416666666666667,0.8363424133891216,0.29039667131566727
2020-04-24,2020-04-27 23:00:00,96.0,1.5700000000000005,0.041666666666666664,0.5575906555090656,0.35515328376373595
2020-05-01,2020-05-02 23:00:00,48.0,1.3500000000000003,0.052083333333333336,0.4623970812729809,0.3425163564985043
2020-05-04,2020-05-04 23:00:00,24.0,1.11,0.046250000000000006,0.38473047926968434,0.346604035378094
2020-06-05,2020-06-06 23:00:00,48.0,1.74,0.05333333333333334,0.3019081087866109,0.17351040734862697
2020-06-20,2020-06-21 23:00:00,48.0,2.0700000000000003,0.05541666666666667,0.5272110418410042,0.25469132456087157
2020-07-06,2020-07-07 23:00:00,48.0,1.91,0.07916666666666666,0.3153963799923925,0.16512899476041493
2020-07-21,2020-07-25 23:00:00,120.0,4.409999999999999,0.05458333333333334,0.7906687364016737,0.17928996290287388
2020-08-04,2020-08-07 23:00:00,96.0,3.0100000000000007,0.07083333333333333,0.6475935676429568,0.2151473646654341
2020-08-12,2020-08-17 23:00:00,144.0,3.1100000000000003,0.05291666666666667,0.9224403755230126,0.2966046223546664
2020-08-29,2020-08-30 23:00:00,48.0,1.5000000000000002,0.04541666666666667,0.3126501576011158,0.20843343840074385
2020-09-01,2020-09-05 23:00:00,120.0,1.2000000000000004,0.023749999999999997,0.15216951557415156,0.12680792964512627
2020-09-10,2020-09-12 23:00:00,72.0,2.0900000000000003,0.047499999999999994,0.452323375,0.21642266746411482
2020-10-12,2020-10-13 23:00:00,48.0,1.55,0.05375,0.21942955836820086,0.14156745701174248
2020-10-29,2020-10-31 23:00:00,72.0,2.4899999999999993,0.08041666666666666,0.9619929040875443,0.3863425317620661
2020-11-12,2020-11-13 23:00:00,48.0,2.8000000000000007,0.10583333333333333,1.02260570153417,0.36521632197648923
2020-11-30,2020-12-02 23:00:00,72.0,1.71,0.03625,0.9812402552301255,0.5738247106608921
2020-12-05,2020-12-05 23:00:00,24.0,1.15,0.04791666666666666,0.4205737740585775,0.36571632526832826
2020-12-13,2020-12-15 23:00:00,72.0,1.08,0.037083333333333336,0.9503678870292888,0.8799702657678599
2020-12-17,2020-12-17 23:00:00,24.0,1.27,0.05291666666666667,0.26577623430962344,0.20927262544064837
2020-12-25,2020-12-25 23:00:00,24.0,2.07,0.08625,0.5107011715481172,0.24671554181068467
2021-01-02,2021-01-04 23:00:00,72.0,1.28,0.03791666666666667,0.30405548117154807,0.23754334466527194
2021-02-14,2021-02-16 23:00:00,72.0,1.46,0.04083333333333333,0.452400529986053,0.309863376702776
2021-02-27,2021-03-02 23:00:00,96.0,1.5000000000000002,0.03875,0.5669941816391829,0.3779961210927886
2021-03-24,2021-03-25 23:00:00,48.0,1.42,0.055,0.47379385704323573,0.3336576458050956
2021-04-01,2021-04-02 23:00:00,48.0,1.14,0.04666666666666667,0.18098787540678754,0.1587612942164803
2021-04-09,2021-04-13 23:00:00,120.0,1.02,0.020833333333333332,0.18174861924686192,0.17818492083025678
2021-05-27,2021-05-27 23:00:00,24.0,1.23,0.05125,0.3927575213389122,0.3193150579991156
2021-05-29,2021-05-30 23:00:00,48.0,1.4699999999999998,0.03875,0.23000225523012555,0.15646411920416706
2021-06-11,2021-06-12 23:00:00,48.0,2.9899999999999998,0.08666666666666667,0.9154241808129111,0.30616193338224457
2021-06-14,2021-06-15 23:00:00,48.0,1.59,0.065,0.6173695606694561,0.38828274255940637
2021-07-01,2021-07-05 23:00:00,120.0,2.0,0.07708333333333334,0.7736567751743375,0.38682838758716875
2021-07-25,2021-07-27 23:00:00,72.0,1.1300000000000001,0.0425,0.12315491841004186,0.10898665346021402
2021-08-10,2021-08-12 23:00:00,72.0,1.3699999999999997,0.04541666666666667,0.6087867399880454,0.444369883202953
2021-08-14,2021-08-21 23:00:00,192.0,7.8599999999999985,0.105,2.1038247399880463,0.2676621806600568
2021-08-31,2021-09-02 23:00:00,72.0,1.8,0.04083333333333333,0.7714720571827058,0.42859558732372544
2021-09-17,2021-09-18 23:00:00,48.0,2.27,0.09250000000000001,0.0804642217573222,0.035446793725692594
2021-09-22,2021-09-24 23:00:00,72.0,2.09,0.07958333333333333,0.6865211757322176,0.32847903145082186
2021-10-26,2021-10-26 23:00:00,24.0,2.36,0.09833333333333333,0.8075785158995815,0.34219428639812777
2021-10-29,2021-10-30 23:00:00,48.0,1.66,0.05958333333333333,0.5046231740585774,0.30398986389070926
2021-12-30,2022-01-04 23:00:00,144.0,2.0700000000000003,0.03166666666666667,0.21324341422594148,0.10301614213813597
2022-02-03,2022-02-05 23:00:00,72.0,1.68,0.0375,0.7408248,0.44096714285714284
2022-03-24,2022-03-25 23:00:00,48.0,1.1099999999999999,0.0375,0.27914729527794385,0.2514840497999494
2022-04-06,2022-04-09 23:00:00,96.0,2.0199999999999996,0.05958333333333333,0.6633489449629868,0.3283905668133599
2022-05-06,2022-05-08 23:00:00,72.0,2.38,0.07708333333333334,1.0400751464435147,0.43700636405189697
2022-05-23,2022-05-25 23:00:00,72.0,1.4399999999999997,0.0425,0.23779815062761508,0.1651376046025105
2022-06-23,2022-06-24 23:00:00,48.0,2.3099999999999996,0.09250000000000001,0.5164155281622145,0.22355650569792837
2022-07-09,2022-07-10 23:00:00,48.0,2.3799999999999994,0.09499999999999999,0.6080214884937238,0.2554712136528252
2022-08-05,2022-08-05 23:00:00,24.0,1.2,0.049999999999999996,0.12473932800358639,0.10394944000298867
2022-09-06,2022-09-08 23:00:00,72.0,1.3800000000000003,0.03291666666666667,0.4089525474198048,0.29634242566652513
2022-09-11,2022-09-13 23:00:00,72.0,1.47,0.02625,0.3276221150627615,0.22287218711752485
2022-10-01,2022-10-06 23:00:00,144.0,2.5499999999999994,0.04,0.39885227647248156,0.1564126574401889
2022-11-11,2022-11-13 23:00:00,72.0,1.22,0.037083333333333336,0.6261035421398685,0.5131996247048103
2022-11-16,2022-11-16 23:00:00,24.0,1.35,0.05625,0.19130287029288703,0.14170582984658298
2022-12-15,2022-12-16 23:00:00,48.0,1.8800000000000001,0.059166666666666666,0.6346885857740586,0.33760031158194603
2022-12-23,2022-12-24 23:00:00,48.0,2.03,0.07958333333333333,0.46537639934914,0.22924945780745815
2023-02-13,2023-02-13 23:00:00,24.0,1.08,0.045000000000000005,0.15290302824267782,0.14157687800247945
2023-02-16,2023-02-18 23:00:00,72.0,1.03,0.025416666666666667,0.27033551046025106,0.26246166064102044
2023-04-28,2023-05-01 23:00:00,96.0,2.850000000000001,0.07666666666666667,0.6579440062761507,0.23085754606180717
2023-06-20,2023-06-24 23:00:00,120.0,2.43,0.04791666666666666,0.4392958528591353,0.18078018636178406
2023-07-01,2023-07-04 23:00:00,96.0,1.6300000000000001,0.04583333333333334,0.6849080529986054,0.4201889895696965
2023-07-06,2023-07-10 23:00:00,120.0,1.8800000000000001,0.0625,0.053024537238493735,0.028204541084305177
2023-07-28,2023-07-31 23:00:00,96.0,1.79,0.04083333333333333,0.31737541422594145,0.1773047006848835
2023-08-07,2023-08-08 23:00:00,48.0,1.59,0.04958333333333333,0.6500236255230127,0.4088198902660457
2023-08-15,2023-08-16 23:00:00,48.0,1.7700000000000002,0.05541666666666667,0.06981294351464434,0.03944234096872561
2023-09-09,2023-09-11 23:00:00,72.0,1.34,0.024166666666666666,0.24974096443514643,0.18637385405607942
2023-09-23,2023-09-27 23:00:00,120.0,3.149999999999999,0.08875,0.8097149958158996,0.25705237962409516
2023-11-22,2023-11-22 23:00:00,24.0,2.35,0.09791666666666667,0.28551494351464435,0.1214957206445295
2023-12-11,2023-12-11 23:00:00,24.0,1.65,0.06874999999999999,0.37043729707112977,0.2245074527703817
2023-12-18,2023-12-18 23:00:00,24.0,2.48,0.10333333333333333,0.8100434988377501,0.32663044307973793
2023-12-25,2023-12-28 23:00:00,96.0,1.1099999999999999,0.03125,0.3084252000760746,0.2778605406090762
2024-01-07,2024-01-07 23:00:00,24.0,1.11,0.046250000000000006,1.1048645871687588,0.9953735019538367
2024-01-10,2024-01-10 23:00:00,24.0,2.52,0.105,0.3104223884239889,0.12318348746983686
2024-01-28,2024-01-29 23:00:00,48.0,1.56,0.05875,0.6763833995815901,0.4335791022958911
2024-02-11,2024-02-14 23:00:00,96.0,1.1300000000000001,0.0325,0.3610853347280335,0.31954454400710924
2024-03-23,2024-03-24 23:00:00,48.0,1.53,0.0325,0.615268870292887,0.40213651653129867
2024-03-31,2024-04-05 23:00:00,144.0,1.6800000000000002,0.04,0.640570518828452,0.3812919754931261
2024-05-04,2024-05-08 23:00:00,120.0,2.4299999999999993,0.06708333333333334,0.3754011506276151,0.1544860702171256
2024-05-10,2024-05-12 23:00:00,72.0,1.04,0.024583333333333332,0.2216228347280335,0.21309887954618606
2024-05-26,2024-05-31 23:00:00,144.0,2.0500000000000007,0.029583333333333333,0.3199372662609357,0.1560669591516759
2024-08-08,2024-08-11 23:00:00,96.0,3.25,0.07041666666666667,0.6212597280334727,0.19115683939491468
2024-08-30,2024-09-01 23:00:00,72.0,1.12,0.04416666666666667,0.10840340376569038,0.09678875336222355
2024-09-24,2024-09-28 23:00:00,120.0,1.7200000000000002,0.025416666666666667,0.36469290921996417,0.21203076117439776
2024-12-10,2024-12-12 23:00:00,72.0,1.24,0.042083333333333334,0.28650424299967825,0.23105180887070828
2025-02-16,2025-02-17 23:00:00,48.0,1.08,0.023333333333333334,0.3427393054393306,0.3173512087401209
2025-04-01,2025-04-01 23:00:00,24.0,1.45,0.06041666666666667,0.1408084979079498,0.09710930890203436
2025-04-11,2025-04-13 23:00:00,72.0,1.5199999999999998,0.06083333333333333,0.419079949790795,0.2757104932834178
2025-05-03,2025-05-06 23:00:00,96.0,1.6700000000000002,0.042083333333333334,0.6011968382147839,0.3599981067154394
2025-05-13,2025-05-15 23:00:00,72.0,2.94,0.08208333333333333,1.0347728483263599,0.35196355385250333
2025-05-28,2025-05-29 23:00:00,48.0,1.4700000000000002,0.035833333333333335,0.5976499486496768,0.40656459091814745
2025-06-14,2025-06-17 23:00:00,96.0,2.6399999999999997,0.04791666666666666,0.8537161231320981,0.323377319368219
2025-06-19,2025-06-20 23:00:00,48.0,1.09,0.029583333333333333,0.0739354094441124,0.06783065086615815
2025-07-02,2025-07-02 23:00:00,24.0,1.17,0.048749999999999995,0.07974648587866108,0.06815938963988127
2025-07-07,2025-07-15 23:00:00,216.0,2.4299999999999997,0.03625,1.1043270957112972,0.4544555949429207
2025-09-17,2025-09-18 23:00:00,48.0,1.13,0.046250000000000006,0.07749991422594144,0.06858399489021366
2025-10-30,2025-10-31 23:00:00,48.0,1.2200000000000002,0.04541666666666667,0.2873277615062762,0.23551455861170176
2026-01-10,2026-01-11 23:00:00,48.0,1.05,0.04,0.2644357937836222,0.2518436131272592
2026-01-25,2026-01-26 23:00:00,48.0,2.14,0.06458333333333334,0.012561350418410042,0.0058697899151448785
2026-02-20,2026-02-24 23:00:00,120.0,1.8800000000000003,0.030833333333333334,0.4905449177126919,0.2609281477195169
2026-03-16,2026-03-17 23:00:00,48.0,1.0399999999999998,0.03208333333333333,0.6604259330543933,0.6350249356292245
2026-05-20,2026-05-28 23:00:00,216.0,3.29,0.049999999999999996,0.8128493592349072,0.24706667453948547
2026-06-23,2026-06-24 23:00:00,48.0,1.6100000000000003,0.046250000000000006,0.13412674644351463,0.08330853816367367
2026-07-07,2026-07-13 23:00:00,168.0,2.2700000000000005,0.0425,0.555531460251046,0.24472751552909514
